FVP1422,,Senaryo Teknikleri,3,0,0,3,4
FVP1402,,Görme Biçimleri,3,0,0,3,4
FVP1412,,Desen 2,3,0,0,3,4
SYP2572,,Batılılaşma Döneminde Osmanlı Resim Sanatı,2,0,0,2,3
SYP1072,,Ortaçağ’dan Endüstri Devrimine Avrupa Sanatı,2,0,0,2,3
FVP2441,,Analog Fotoğraf,3,0,0,3,4
FVP2401,,Görsel Kültür,3,0,0,3,4
FVP2471,,Fotografik Optik ve Görsel Algı,3,0,0,3,4
FVP2451,,Türk Fotoğraf Tarihi,3,0,0,3,4
FVP2431,,Fotoğrafta Yorum,3,0,0,3,4
FVP2411,,Sinema ve Tv Tarihi,3,0,0,3,4
FVP2901,,Medya Kuramları,2,0,0,2,2
BSP2541,,Sanat Terminolojisi,2,0,0,2,2
MDB2051,,İngilizce Okuma ve Konuşma,2,0,0,2,2
FVP2472,,Fotoğraf Teknikleri,3,0,0,3,4
FVP2442,,Portre Fotoğrafı,3,0,0,3,4
FVP2462,,Siyah-Beyaz Fotoğraf,3,0,0,3,4
FVP2452,,Yapım ve Yönetmenlik,3,0,0,3,4
FVP2152,,Senaryo,2,0,0,2,3
FVP2912,,Mesleki Terminoloji 1,2,0,0,2,3
BSP2362,,Güncel Sanat Terminolojisi,2,0,0,2,3
BSP2262,,Mesleki İngilizce 1,2,0,0,2,3
FVP3721,,Aydınlatma Estetiği,3,0,0,3,5
FVP3702,,Fotoğraf ve Sanat,3,0,0,3,4
FVP3711,,Deneysel Fotograf,3,0,0,3,5
FVP3441,,Görsel Öyküleme,3,0,0,3,4
BSP2441,,Modern Sanat Manifestoları,3,0,0,3,4
FVP3431,,Doğa Fotoğrafı,3,0,0,3,4
FVP3421,,Endüstri Fotoğrafı,3,0,0,3,4
FVP3411,,Belgesel Yapım,3,0,0,3,4
SYP3221,,Batılılaşma Döneminden Günümüze Türk Sanatı,2,0,0,2,3
SYP2131,,Türk ve Osmanlı Sanatı,2,0,0,2,3
FVP3911,,Mesleki Terminoloji 2,2,0,0,2,3
BSP3361,,Yeni Medya Sanatı ve Kökenleri,2,0,0,2,3
BSP3261,,Mesleki İngilizce 2,2,0,0,2,3
FVP3722,,Sinema Göstergebilimi,3,0,0,3,4
FVP3742,,Konu ve Işık,3,0,0,3,5
FVP3402,,İletişim Kuramları Ve Etik,3,0,0,3,4
FVP3442,,Still Life Fotoğraf,3,0,0,3,4
FVP3142,,Kurgu Teknikleri ve Estetiği,3,0,0,3,4
FVP3472,,Kısa Film,3,0,0,3,4
FVP3452,,Video Montaj,3,0,0,3,4
FVP3462,,Haber Röportaj,3,0,0,3,4
FVP3932,,Fotografik Çözümleme,2,0,0,2,2
MDB3032,,İş Hayatı için İngilizce,2,0,0,2,2
FVP4551,,Sunu Hazırlama,3,0,0,3,4
FVP4401,,Sunuş Yöntemleri,3,0,0,3,4
FVP4411,,Foto-Grafik Tasarım,3,0,0,3,4
FVP4451,,Fotoğraf Kuramı,3,0,0,3,4
FVP4441,,Görsel Antropoloji,3,0,0,3,4
FVP4421,,Video Klip Yapımı,3,0,0,3,4
FVP4431,,Sayısal Karanlık Oda,3,0,0,3,4
FVP4542,,Temel Kamera,3,0,0,3,5
FVP4461,,Güncel Fotoğraf Pratikleri,3,0,0,3,5
FVP4702,,İletişim ve Tanıtım,3,0,0,3,5
FVP4822,,Tanıtım Fotoğrafı,3,0,0,3,5
FVP4712,,Kavramsal Fotoğraf,3,0,0,3,5
FVP4472,,Fotoğrafta Eski Teknikler,3,0,0,3,4
FVP4442,,Moda Fotoğrafı,3,0,0,3,4
FVP4482,,Mimari Fotoğraf,3,0,0,3,3
FVP4452,,Yapı Fotoğrafı,3,0,0,3,4
FVP4462,,Video Sanatı,3,0,0,3,4
